modo,fase,router,duracao_s,pacotes,bytes_ip
rip,inicial,r1,30,30,4880
rip,estavel,r1,60,36,8352
rip,inicial,r2,30,28,4596
rip,estavel,r2,60,36,8352
rip,inicial,r3,30,28,4876
rip,estavel,r3,60,35,8120
rip,inicial,r4,30,28,4976
rip,estavel,r4,60,35,8120
rip,inicial,r5,30,25,4660
rip,estavel,r5,60,36,8352
ospf,inicial,r1,30,64,4928
ospf,estavel,r1,60,87,5800
ospf,inicial,r2,30,62,4872
ospf,estavel,r2,60,87,5800
ospf,inicial,r3,30,59,4772
ospf,estavel,r3,60,87,5800
ospf,inicial,r4,30,56,4356
ospf,estavel,r4,60,87,5800
ospf,inicial,r5,30,57,4368
ospf,estavel,r5,60,87,5800
rttls,inicial,r1,30,142,11191
rttls,estavel,r1,60,268,19627
rttls,inicial,r2,30,139,10849
rttls,estavel,r2,60,268,19637
rttls,inicial,r3,30,140,10986
rttls,estavel,r3,60,268,19630
rttls,inicial,r4,30,139,10862
rttls,estavel,r4,60,268,19612
rttls,inicial,r5,30,135,10381
rttls,estavel,r5,60,269,19673
